Date,AMZN,GS,NVDA
2021-01-04,159.3314971923828,238.93768310546875,13.079099655151367
2021-01-05,160.92550659179688,244.284423828125,13.369585037231445
2021-01-06,156.91900634765625,257.466552734375,12.58141040802002
2021-01-07,158.10800170898438,262.9666442871094,13.308993339538574
2021-01-08,159.13499450683594,261.5511474609375,13.241920471191406
2021-01-11,155.7104949951172,264.93231201171875,13.58576488494873
2021-01-12,156.04150390625,272.4881286621094,13.44937515258789
2021-01-13,158.29449462890625,273.1463317871094,13.496252059936523
2021-01-14,156.37350463867188,277.5914306640625,13.165621757507324
2021-01-15,155.21249389648438,271.4061279296875,12.825764656066895
2021-01-19,156.03799438476562,265.265869140625,12.991081237792969
2021-01-20,163.16900634765625,261.9027099609375,13.3306884765625
2021-01-21,165.34950256347656,260.9109191894531,13.831120491027832
2021-01-22,164.6114959716797,260.928955078125,13.676529884338379
2021-01-25,164.6999969482422,255.20352172851562,13.617432594299316
2021-01-26,166.30650329589844,254.0493621826172,13.400003433227539
2021-01-27,161.62899780273438,246.4484405517578,12.883862495422363
2021-01-28,161.88099670410156,247.97218322753906,13.016761779785156
2021-01-29,160.30999755859375,244.50082397460938,12.955672264099121
2021-02-01,167.1439971923828,247.71072387695312,13.202274322509766
2021-02-02,169.0,258.7469177246094,13.521188735961914
2021-02-03,165.62649536132812,260.1716003417969,13.495004653930664
2021-02-04,166.5500030517578,264.8601379394531,13.62840461730957
2021-02-05,167.6074981689453,264.634765625,13.55534553527832
2021-02-08,166.14700317382812,270.6307067871094,14.400874137878418
2021-02-09,165.25,270.91015625,14.225834846496582
2021-02-10,164.32899475097656,274.3545227050781,14.725518226623535
2021-02-11,163.10650634765625,272.58734130859375,15.21074104309082
2021-02-12,163.885498046875,276.1939697265625,14.922002792358398
2021-02-16,163.44749450683594,281.27923583984375,15.290033340454102
2021-02-17,165.4320068359375,281.98248291015625,14.866898536682129
2021-02-18,166.4114990234375,279.42181396484375,14.790098190307617
2021-02-19,162.4949951171875,284.5792541503906,14.887344360351562
2021-02-22,159.03700256347656,285.706298828125,14.318092346191406
2021-02-23,159.72500610351562,287.81622314453125,14.104902267456055
2021-02-24,157.97650146484375,298.1221008300781,14.460963249206543
2021-02-25,152.85800170898438,295.52532958984375,13.272590637207031
2021-02-26,154.64649963378906,288.05963134765625,13.678520202636719
2021-03-01,157.3070068359375,298.64141845703125,13.805437088012695
2021-03-02,154.72650146484375,299.5647277832031,13.371081352233887
2021-03-03,150.25,302.72381591796875,12.771159172058105
2021-03-04,148.8784942626953,298.0710754394531,12.337799072265625
2021-03-05,150.0229949951172,296.3331298828125,12.428810119628906
2021-03-08,147.59750366210938,302.5065612792969,11.562838554382324
2021-03-09,153.1425018310547,299.24786376953125,12.491717338562012
2021-03-10,152.8820037841797,309.5941162109375,12.439833641052246
2021-03-11,155.67950439453125,309.6666259765625,12.963886260986328
2021-03-12,154.47450256347656,315.7405090332031,12.826698303222656
2021-03-15,154.08399963378906,313.2420959472656,13.161186218261719
2021-03-16,154.59300231933594,309.3135681152344,13.260957717895508
2021-03-17,156.7864990234375,312.2464294433594,13.310843467712402
2021-03-18,151.39950561523438,315.0072021484375,12.69350528717041
2021-03-19,153.7480010986328,311.5675354003906,12.816474914550781
2021-03-22,155.5435028076172,307.15924072265625,13.156200408935547
2021-03-23,156.875,300.31597900390625,13.040960311889648
2021-03-24,154.35350036621094,297.4917907714844,12.614188194274902
2021-03-25,152.31300354003906,299.2116394042969,12.506680488586426
2021-03-26,152.60150146484375,296.35125732421875,12.809988975524902
2021-03-29,153.7864990234375,294.8486022949219,12.918739318847656
2021-03-30,152.76449584960938,300.5332336425781,12.842414855957031
2021-03-31,154.70399475097656,295.99822998046875,13.317830085754395
2021-04-01,158.0500030517578,296.5774841308594,13.780271530151367
2021-04-05,161.3365020751953,292.8662414550781,13.955621719360352
2021-04-06,161.1909942626953,296.052490234375,13.829910278320312
2021-04-07,163.96949768066406,295.5908203125,14.111266136169434
2021-04-08,164.96499633789062,299.7456970214844,14.284371376037598
2021-04-09,168.61000061035156,299.44696044921875,14.367180824279785
2021-04-12,168.96949768066406,300.37933349609375,15.174339294433594
2021-04-13,170.0,296.6136779785156,15.64376449584961
2021-04-14,166.64999389648438,303.5566101074219,15.24218463897705
2021-04-15,168.95449829101562,306.453125,16.1004695892334
2021-04-16,169.9720001220703,309.8567199707031,15.876235961914062
2021-04-19,168.60049438476562,310.5627746582031,15.326741218566895
2021-04-20,166.7344970703125,300.41558837890625,15.136673927307129
2021-04-21,168.1009979248047,303.484130859375,15.325493812561035
2021-04-22,165.45199584960938,299.483154296875,14.81640625
2021-04-23,167.04400634765625,307.1773376464844,15.230460166931152
2021-04-26,170.4499969482422,310.9520263671875,15.442724227905273
2021-04-27,170.8715057373047,313.76708984375,15.34669303894043
2021-04-28,172.9250030517578,315.1068420410156,15.241934776306152
2021-04-29,173.5655059814453,319.50604248046875,15.289824485778809
2021-04-30,173.37100219726562,315.41455078125,14.975292205810547
2021-05-03,169.32449340820312,316.9624938964844,14.802936553955078
2021-05-04,165.593505859375,316.67279052734375,14.318544387817383
2021-05-05,163.52699279785156,323.7152099609375,14.425549507141113
2021-05-06,165.31849670410156,331.2735290527344,14.48990249633789
2021-05-07,164.58050537109375,335.7271728515625,14.778491020202637
2021-05-10,159.52450561523438,333.72662353515625,14.23323917388916
2021-05-11,161.19549560546875,325.79718017578125,14.273645401000977
2021-05-12,157.5970001220703,320.80047607421875,13.727144241333008
2021-05-13,158.07350158691406,324.7923583984375,13.63410472869873
2021-05-14,161.14500427246094,333.8080749511719,14.210542678833008
2021-05-17,163.51950073242188,334.24261474609375,14.133216857910156
2021-05-18,161.61399841308594,329.9972229003906,13.983807563781738
2021-05-19,161.58999633789062,324.40313720703125,14.033693313598633
2021-05-20,162.38400268554688,325.67047119140625,14.57919979095459
2021-05-21,160.1540069580078,331.53607177734375,14.957582473754883
2021-05-24,162.24949645996094,333.3736877441406,15.576420783996582
2021-05-25,162.95249938964844,329.95196533203125,15.61208724975586
2021-05-26,163.25799560546875,332.56805419921875,15.66421890258789
2021-05-27,161.5054931640625,336.16156005859375,15.452702522277832
2021-05-28,161.15350341796875,337.88726806640625,16.207477569580078
2021-06-01,160.9324951171875,347.35125732421875,16.227434158325195
2021-06-02,161.69949340820312,348.25946044921875,16.740013122558594
2021-06-03,159.35049438476562,353.0550842285156,16.931076049804688
2021-06-04,160.31100463867188,355.53460693359375,17.538188934326172
2021-06-07,159.90049743652344,352.5465087890625,17.578847885131836
2021-06-08,163.20550537109375,349.4039306640625,17.417217254638672
2021-06-09,164.0574951171875,347.6600036621094,17.322660446166992
2021-06-10,167.4824981689453,339.6312255859375,17.389272689819336
2021-06-11,167.3415069580078,343.3641052246094,17.78870391845703
2021-06-14,169.19349670410156,338.70477294921875,17.981801986694336
2021-06-15,169.156494140625,337.2333068847656,17.752025604248047
2021-06-16,170.7624969482422,336.9609069824219,17.77372932434082
2021-06-17,174.46200561523438,328.3324890136719,18.61899185180664
2021-06-18,174.34500122070312,316.824951171875,18.600534439086914
2021-06-21,172.697998046875,324.7358703613281,18.389469146728516
2021-06-22,175.27200317382812,324.726806640625,18.8480281829834
2021-06-23,175.1909942626953,327.9237976074219,19.018173217773438
2021-06-24,172.45399475097656,334.9173278808594,19.166120529174805
2021-06-25,170.072998046875,334.93548583984375,18.991973876953125
2021-06-28,172.1945037841797,334.8809814453125,19.94402313232422
2021-06-29,172.40699768066406,338.4322509765625,19.985685348510742
2021-06-30,172.00799560546875,344.7082824707031,19.96148681640625
2021-07-01,171.64849853515625,340.58477783203125,20.170560836791992
2021-07-02,175.5489959716797,339.8309326171875,20.444992065429688
2021-07-06,183.78700256347656,335.9254455566406,20.65605926513672
2021-07-07,184.82899475097656,333.9364318847656,20.329978942871094
2021-07-08,186.57049560546875,326.0074768066406,19.861940383911133
2021-07-09,185.9669952392578,337.651123046875,20.009138107299805
2021-07-12,185.92750549316406,345.5892639160156,20.470439910888672
2021-07-13,183.8679962158203,341.4840393066406,20.208478927612305
2021-07-14,184.08399963378906,340.0489196777344,19.80081558227539
2021-07-15,181.55999755859375,339.0953063964844,18.927364349365234
2021-07-16,178.68150329589844,331.32977294921875,18.123762130737305
2021-07-19,177.47950744628906,322.1745910644531,18.74124526977539
2021-07-20,178.6595001220703,331.2934265136719,18.57383918762207
2021-07-21,179.25999450683594,339.2314758300781,19.37019920349121
2021-07-22,181.90150451660156,338.51397705078125,19.553823471069336
2021-07-23,182.83200073242188,339.7310791015625,19.517902374267578
2021-07-26,184.99099731445312,341.4112854003906,19.254440307617188
2021-07-27,181.3195037841797,340.4485778808594,19.168615341186523
2021-07-28,181.51600646972656,339.89459228515625,19.463010787963867
2021-07-29,179.99600219726562,342.909912109375,19.621686935424805
2021-07-30,166.37950134277344,340.48492431640625,19.459020614624023
2021-08-02,166.57400512695312,343.4911193847656,19.709505081176758
2021-08-03,168.31199645996094,345.4621276855469,19.774375915527344
2021-08-04,167.73599243164062,343.19146728515625,20.232433319091797
2021-08-05,168.79949951171875,349.0405578613281,20.594684600830078
2021-08-06,167.2469940185547,361.3837585449219,20.32424545288086
2021-08-09,167.093505859375,363.191162109375,20.253387451171875
2021-08-10,166.03399658203125,370.5389404296875,19.895122528076172
2021-08-11,164.60549926757812,375.9157409667969,19.658607482910156
2021-08-12,165.1750030517578,376.9238586425781,19.864187240600586
2021-08-13,164.69850158691406,373.0910949707031,20.146608352661133
2021-08-16,164.94949340820312,370.884033203125,19.909093856811523
2021-08-17,162.09800720214844,367.81414794921875,19.418102264404297
2021-08-18,160.06100463867188,362.21026611328125,19.000961303710938
2021-08-19,159.3874969482422,357.4601135253906,19.75740623474121
2021-08-20,159.99749755859375,359.5490417480469,20.773319244384766
2021-08-23,163.2935028076172,364.6170959472656,21.912979125976562
2021-08-24,165.28900146484375,371.0748291015625,21.748313903808594
2021-08-25,164.95899963378906,375.2164001464844,22.16745376586914
2021-08-26,165.8000030517578,374.57159423828125,22.02275276184082
2021-08-27,167.48150634765625,381.1835632324219,22.58958625793457
2021-08-30,171.07850646972656,375.6523742675781,22.641483306884766
2021-08-31,173.5395050048828,377.3955078125,22.343040466308594
2021-09-01,173.9499969482422,377.5324401855469,22.398935317993164
2021-09-02,173.156005859375,378.2991027832031,22.35401725769043
2021-09-03,173.90249633789062,375.3876647949219,22.80018424987793
2021-09-07,175.46449279785156,374.48419189453125,22.619524002075195
2021-09-08,176.27499389648438,369.6287536621094,22.297128677368164
2021-09-09,174.20799255371094,369.24542236328125,22.135433197021484
2021-09-10,173.45750427246094,368.24151611328125,22.43586540222168
2021-09-13,172.85850524902344,373.5167236328125,22.110475540161133
2021-09-14,172.5,368.4331970214844,22.20030975341797
2021-09-15,173.7895050048828,366.8451232910156,22.29912567138672
2021-09-16,174.41200256347656,362.0354309082031,22.20030975341797
2021-09-17,173.12600708007812,357.2713317871094,21.858949661254883
2021-09-20,167.7864990234375,345.10552978515625,21.073427200317383
2021-09-21,167.18150329589844,343.0155029296875,21.206178665161133
2021-09-22,169.00250244140625,351.8044738769531,21.899873733520508
2021-09-23,170.8000030517578,357.6363830566406,22.43985939025879
2021-09-24,171.2760009765625,356.7145690917969,22.039613723754883
2021-09-27,170.2899932861328,364.8920593261719,21.619400024414062
2021-09-28,165.79800415039062,355.4825439453125,20.660202026367188
2021-09-29,165.05599975585938,351.27508544921875,20.47854232788086
2021-09-30,164.2519989013672,345.01422119140625,20.677167892456055
2021-10-01,164.16299438476562,346.8121643066406,20.703123092651367
2021-10-04,159.48899841308594,341.47314453125,19.695011138916016
2021-10-05,161.0500030517578,352.1147766113281,20.412668228149414
2021-10-06,163.10049438476562,354.1591491699219,20.66119956970215
2021-10-07,165.1215057373047,356.50469970703125,21.035497665405273
2021-10-08,164.43099975585938,358.50335693359375,20.791954040527344
2021-10-11,162.31500244140625,351.594482421875,20.65620994567871
2021-10-12,162.3665008544922,352.7718811035156,20.632251739501953
2021-10-13,164.21400451660156,352.5711364746094,20.899751663208008
2021-10-14,164.9929962158203,357.03399658203125,21.70524024963379
2021-10-15,170.4510040283203,370.6053771972656,21.821025848388672
2021-10-18,172.33700561523438,377.5598449707031,22.18035125732422
2021-10-19,172.20750427246094,376.1634826660156,22.248218536376953
2021-10-20,170.7530059814453,372.2664489746094,22.061569213867188
2021-10-21,171.75050354003906,371.99261474609375,22.649465560913086
2021-10-22,166.77749633789062,378.13482666015625,22.68340301513672
2021-10-25,166.01849365234375,378.5272521972656,23.12257957458496
2021-10-26,168.80349731445312,381.1374206542969,24.670669555664062
2021-10-27,169.62449645996094,375.09564208984375,24.405166625976562
2021-10-28,172.32850646972656,378.59112548828125,24.89425277709961
2021-10-29,168.6215057373047,377.2495422363281,25.519073486328125
2021-11-01,165.90550231933594,380.3069763183594,25.778593063354492
2021-11-02,165.6374969482422,386.8325500488281,26.35150909423828
2021-11-03,169.1999969482422,381.4020690917969,26.548145294189453
2021-11-04,173.85000610351562,372.4306335449219,29.745141983032227
2021-11-05,175.94949340820312,371.527099609375,29.69623565673828
2021-11-08,174.44900512695312,372.67706298828125,30.746267318725586
2021-11-09,178.81149291992188,369.94830322265625,30.599536895751953
2021-11-10,174.1024932861328,364.26226806640625,29.403783798217773
2021-11-11,173.625,367.2010803222656,30.33303451538086
2021-11-12,176.25750732421875,369.5466003417969,30.33303451538086
2021-11-15,177.28399658203125,369.455322265625,29.968719482421875
2021-11-16,177.03500366210938,367.8856201171875,30.146385192871094
2021-11-17,177.4499969482422,357.35345458984375,29.206153869628906
2021-11-18,184.80299377441406,357.1891784667969,31.61562728881836
2021-11-19,183.82850646972656,353.5567932128906,32.92317199707031
2021-11-22,178.6284942626953,361.56085205078125,31.896099090576172
2021-11-23,179.0019989013672,370.85174560546875,31.68649673461914
2021-11-24,179.02049255371094,364.3262023925781,32.612754821777344
2021-11-26,175.22799682617188,355.38214111328125,31.44394874572754
2021-11-29,178.07850646972656,352.781005859375,33.31344223022461
2021-11-30,175.35350036621094,347.7156677246094,32.61475372314453
2021-12-01,172.18600463867188,345.4128723144531,31.37991714477539
2021-12-02,171.8679962158203,355.5602111816406,32.0697021484375
2021-12-03,169.489501953125,351.1471252441406,30.639217376708984
2021-12-06,171.36849975585938,357.1748962402344,29.984371185302734
2021-12-07,176.1645050048828,367.0928955078125,32.37017822265625
2021-12-08,176.1580047607422,364.5331115722656,31.770231246948242
2021-12-09,174.17100524902344,363.7715759277344,30.436574935913086
2021-12-10,172.21200561523438,358.7897033691406,30.14508819580078
2021-12-13,169.5675048828125,352.8995361328125,28.11165428161621
2021-12-14,169.0915069580078,356.7345275878906,28.2873477935791
2021-12-15,173.31500244140625,357.734619140625,30.405628204345703
2021-12-16,168.87100219726562,364.5790100097656,28.33725929260254
2021-12-17,170.0175018310547,350.2938232421875,27.752286911010742
2021-12-20,167.07899475097656,340.9446716308594,27.670427322387695
2021-12-21,170.41700744628906,348.93597412109375,29.024057388305664
2021-12-22,171.03700256347656,350.7801208496094,29.348487854003906
2021-12-23,171.06849670410156,353.2665100097656,29.588064193725586
2021-12-27,169.66949462890625,356.0189514160156,30.890779495239258
2021-12-28,170.66099548339844,355.6243896484375,30.268869400024414
2021-12-29,169.2010040283203,354.3307800292969,29.94843101501465
2021-12-30,168.64450073242188,353.7069091796875,29.534162521362305
2021-12-31,166.7169952392578,350.9819030761719,29.359466552734375
2022-01-03,170.4044952392578,362.70733642578125,30.06822395324707
2022-01-04,167.52200317382812,373.8547058105469,29.238679885864258
2022-01-05,164.35699462890625,365.7350769042969,27.55562973022461
2022-01-06,163.25399780273438,364.1752624511719,28.128625869750977
2022-01-07,162.5540008544922,364.7074279785156,27.199260711669922
2022-01-10,161.48599243164062,366.2304382324219,27.351987838745117
2022-01-11,165.36199951171875,369.790283203125,27.768259048461914
2022-01-12,165.20700073242188,358.1015930175781,27.949941635131836
2022-01-13,161.21400451660156,358.55120849609375,26.528440475463867
2022-01-14,162.13800048828125,349.5047912597656,26.894792556762695
2022-01-18,158.91749572753906,325.1549072265625,25.85761260986328
2022-01-19,156.2989959716797,318.6591491699219,25.0230770111084
2022-01-20,151.66749572753906,319.37481689453125,24.107683181762695
2022-01-21,142.64300537109375,315.5305480957031,23.333045959472656
2022-01-24,144.54400634765625,315.0534973144531,23.33104705810547
2022-01-25,139.98599243164062,313.36529541015625,22.284883499145508
2022-01-26,138.87249755859375,314.4020080566406,22.73210334777832
2022-01-27,139.6374969482422,312.88818359375,21.905553817749023
2022-01-28,143.97799682617188,318.3747863769531,22.79998016357422
2022-01-31,149.57350158691406,325.4118347167969,24.443098068237305
2022-02-01,151.19349670410156,334.0177001953125,24.594829559326172
2022-02-02,150.6125030517578,333.1002197265625,25.197771072387695
2022-02-03,138.8455047607422,329.2652282714844,23.906036376953125
2022-02-04,157.63949584960938,337.2656555175781,24.27638816833496
2022-02-07,157.9355010986328,337.7702331542969,24.68467140197754
2022-02-08,161.4134979248047,339.559326171875,25.064006805419922
2022-02-09,161.1894989013672,343.62371826171875,26.658205032348633
2022-02-10,159.0034942626953,339.9905700683594,25.778751373291016
2022-02-11,153.2935028076172,333.1002197265625,23.907033920288086
2022-02-14,155.16700744628906,330.5129699707031,24.2244815826416
2022-02-15,156.510498046875,333.9076843261719,26.44857406616211
2022-02-16,158.10049438476562,330.338623046875,26.46454620361328
2022-02-17,154.65249633789062,320.25555419921875,24.46405792236328
2022-02-18,152.60150146484375,317.4847717285156,23.60057258605957
2022-02-22,150.19749450683594,315.86083984375,23.349016189575195
2022-02-23,144.82699584960938,313.03497314453125,22.347774505615234
2022-02-24,151.35800170898438,312.1175537109375,23.706390380859375
2022-02-25,153.7884979248047,321.22808837890625,24.114669799804688
2022-02-28,153.56300354003906,313.126708984375,24.342273712158203
2022-03-01,151.14199829101562,302.89190673828125,23.435861587524414
2022-03-02,152.05250549316406,310.4411315917969,24.181678771972656
2022-03-03,147.89849853515625,307.7094421386719,23.676483154296875
2022-03-04,145.64100646972656,304.24853515625,22.89971160888672
2022-03-07,137.4530029296875,297.0684814453125,21.318218231201172
2022-03-08,136.01449584960938,296.58856201171875,21.479965209960938
2022-03-09,139.2790069580078,307.8662414550781,22.977588653564453
2022-03-10,146.8175048828125,304.4607849121094,22.622154235839844
2022-03-11,145.52450561523438,301.784423828125,22.065034866333008
2022-03-14,141.85299682617188,299.9202575683594,21.296253204345703
2022-03-15,147.3665008544922,303.7778625488281,22.9366512298584
2022-03-16,153.10400390625,314.4833679199219,24.457242965698242
2022-03-17,157.23899841308594,316.7998046875,24.72681999206543
2022-03-18,161.25050354003906,318.7471618652344,26.411149978637695
2022-03-21,161.4915008544922,312.8591003417969,26.69170570373535
2022-03-22,164.88900756835938,316.55987548828125,26.482038497924805
2022-03-23,163.4080047607422,309.73046875,25.59344482421875
2022-03-24,163.64950561523438,310.302734375,28.105466842651367
2022-03-25,164.77349853515625,311.4654846191406,27.6481876373291
2022-03-28,168.99049377441406,309.4443664550781,28.174354553222656
2022-03-29,169.31500244140625,313.46820068359375,28.610660552978516
2022-03-30,166.30099487304688,309.7120361328125,27.646194458007812
2022-03-31,162.99749755859375,304.6454162597656,27.242830276489258
2022-04-01,163.55999755859375,304.75616455078125,26.66973876953125
2022-04-04,168.34649658203125,302.9011535644531,27.316715240478516
2022-04-05,164.05499267578125,298.9788513183594,25.88997459411621
2022-04-06,158.75599670410156,291.87261962890625,24.36838150024414
2022-04-07,157.7845001220703,289.92529296875,24.169702529907227
2022-04-08,154.4604949951172,296.6070556640625,23.082426071166992
2022-04-11,151.1219940185547,296.0256042480469,21.88232421875
2022-04-12,150.78750610351562,295.1211853027344,21.4699764251709
2022-04-13,155.54100036621094,297.1422424316406,22.167869567871094
2022-04-14,151.7064971923828,296.8377990722656,21.224363327026367
2022-04-18,152.78500366210938,304.4423522949219,21.7485408782959
2022-04-19,158.11549377441406,310.04425048828125,22.162879943847656
2022-04-20,153.9980010986328,314.76025390625,21.44801139831543
2022-04-21,148.29600524902344,308.52154541015625,20.151071548461914
2022-04-22,144.35000610351562,295.1119689941406,19.48412322998047
2022-04-25,146.07400512695312,296.634765625,19.870513916015625
2022-04-26,139.39100646972656,288.9747314453125,18.758275985717773
2022-04-27,138.16700744628906,289.0762939453125,18.385866165161133
2022-04-28,144.59649658203125,293.8567810058594,19.750703811645508
2022-04-29,124.28150177001953,281.93310546875,18.517654418945312
2022-05-02,124.5,286.48297119140625,19.502099990844727
2022-05-03,124.25350189208984,290.39605712890625,19.57099151611328
2022-05-04,125.92849731445312,299.1172790527344,20.301828384399414
2022-05-05,116.40699768066406,288.9286193847656,18.814186096191406
2022-05-06,114.77249908447266,288.8270568847656,18.64545440673828
2022-05-09,108.78900146484375,285.0709533691406,16.92318344116211
2022-05-10,108.85900115966797,281.5362548828125,17.567163467407227
2022-05-11,105.37200164794922,278.2969055175781,16.60369110107422
2022-05-12,106.93049621582031,276.3219299316406,16.149412155151367
2022-05-13,113.05500030517578,283.3174133300781,17.677988052368164
2022-05-16,110.81050109863281,280.0411682128906,17.23668670654297
2022-05-17,115.36849975585938,288.8363342285156,18.148239135742188
2022-05-18,107.11250305175781,283.0774841308594,16.911203384399414
2022-05-19,107.31900024414062,284.4341125488281,17.09691047668457
2022-05-20,107.59100341796875,283.14208984375,16.66758918762207
2022-05-23,107.55699920654297,292.19561767578125,16.87126350402832
2022-05-24,104.0999984741211,289.74072265625,16.128442764282227
2022-05-25,106.7750015258789,290.617431640625,16.948143005371094
2022-05-26,111.07749938964844,298.6742858886719,17.82275390625
2022-05-27,115.14649963378906,303.24261474609375,18.781238555908203
2022-05-31,120.20950317382812,303.4933166503906,18.642457962036133
2022-06-01,121.68399810791016,298.85064697265625,18.291015625
2022-06-02,125.51100158691406,301.0790710449219,19.560998916625977
2022-06-03,122.3499984741211,295.9071350097656,18.690383911132812
2022-06-06,124.79000091552734,297.6063232421875,18.756275177001953
2022-06-07,123.0,298.534912109375,18.896055221557617
2022-06-08,121.18000030517578,292.1929626464844,18.622432708740234
2022-06-09,116.1500015258789,282.4804382324219,18.02325439453125
2022-06-10,109.6500015258789,266.5095520019531,16.950729370117188
2022-06-13,103.66999816894531,263.0739440917969,15.62554931640625
2022-06-14,102.30999755859375,262.3497314453125,15.814287185668945
2022-06-15,107.66999816894531,269.34161376953125,16.50433921813965
2022-06-16,103.66000366210938,264.6153869628906,15.579608917236328
2022-06-17,106.22000122070312,259.7962341308594,15.85822868347168
2022-06-21,108.68000030517578,264.4574890136719,16.543289184570312
2022-06-22,108.94999694824219,264.2067565917969,16.337574005126953
2022-06-23,112.44000244140625,265.72027587890625,16.202756881713867
2022-06-24,116.45999908447266,281.11553955078125,17.102521896362305
2022-06-27,113.22000122070312,279.28631591796875,16.84587287902832
2022-06-28,107.4000015258789,278.0885009765625,15.960089683532715
2022-06-29,108.91999816894531,281.60760498046875,15.520691871643066
2022-06-30,106.20999908447266,275.794921875,15.13821792602539
2022-07-01,109.55999755859375,277.84698486328125,14.503087043762207
2022-07-05,113.5,275.9620666503906,14.94348430633545
2022-07-06,114.33000183105469,272.76788330078125,15.109256744384766
2022-07-07,116.33000183105469,277.2620544433594,15.836257934570312
2022-07-08,115.54000091552734,275.28424072265625,15.816285133361816
2022-07-11,111.75,272.2294006347656,15.131227493286133
2022-07-12,109.22000122070312,271.62579345703125,15.061322212219238
2022-07-13,110.4000015258789,269.4158630371094,15.143208503723145
2022-07-14,110.62999725341797,261.46759033203125,15.350924491882324
2022-07-15,113.55000305175781,272.87005615234375,15.740389823913574
2022-07-18,113.76000213623047,279.73199462890625,16.07892417907715
2022-07-19,118.20999908447266,295.32208251953125,16.968704223632812
2022-07-20,122.7699966430664,298.4792175292969,17.78258514404297
2022-07-21,124.62999725341797,303.2054748535156,18.025253295898438
2022-07-22,122.41999816894531,300.7819519042969,17.29525375366211
2022-07-25,121.13999938964844,300.9583740234375,17.000659942626953
2022-07-26,114.80999755859375,295.78643798828125,16.510332107543945
2022-07-27,120.97000122070312,301.3483581542969,17.765609741210938
2022-07-28,122.27999877929688,305.5917663574219,17.95934295654297
2022-07-29,134.9499969482422,309.5660400390625,18.138097763061523
2022-08-01,135.38999938964844,308.3495788574219,18.415719985961914
2022-08-02,134.16000366210938,304.44970703125,18.500598907470703
2022-08-03,139.52000427246094,309.3616638183594,18.86709213256836
2022-08-04,142.57000732421875,308.15460205078125,19.188655853271484
2022-08-05,140.8000030517578,310.7544860839844,18.96296501159668
2022-08-08,139.41000366210938,310.7637634277344,17.76860809326172
2022-08-09,137.8300018310547,312.5651550292969,17.06257438659668
2022-08-10,142.69000244140625,323.0483703613281,18.072187423706055
2022-08-11,140.63999938964844,326.5489807128906,17.917402267456055
2022-08-12,143.5500030517578,328.5361022949219,18.683349609375
2022-08-15,143.17999267578125,330.42095947265625,19.005905151367188
2022-08-16,144.77999877929688,329.6038513183594,18.853116989135742
2022-08-17,142.10000610351562,328.4617919921875,18.309860229492188
2022-08-18,142.3000030517578,329.1860046386719,18.747262954711914
2022-08-19,138.22999572753906,324.3111877441406,17.824525833129883
2022-08-22,133.22000122070312,317.9507141113281,17.010648727416992
2022-08-23,133.6199951171875,315.8707275390625,17.157445907592773
2022-08-24,133.8000030517578,317.5049743652344,17.198389053344727
2022-08-25,137.27999877929688,321.7298278808594,17.888439178466797
2022-08-26,130.75,312.3608703613281,16.23770523071289
2022-08-29,129.7899932861328,310.05810546875,15.779336929321289
2022-08-30,128.72999572753906,309.78887939453125,15.446792602539062
2022-08-31,126.7699966430664,311.2295227050781,15.073305130004883
2022-09-01,127.81999969482422,312.00604248046875,13.917891502380371
2022-09-02,127.51000213623047,310.1162109375,13.628291130065918
2022-09-06,126.11000061035156,305.4478454589844,13.446537017822266
2022-09-07,129.47999572753906,309.25555419921875,13.699267387390137
2022-09-08,129.82000732421875,313.764892578125,13.974970817565918
2022-09-09,133.27000427246094,318.1806640625,14.37154483795166
2022-09-12,136.4499969482422,320.5008239746094,14.489418029785156
2022-09-13,126.81999969482422,307.22540283203125,13.11689281463623
2022-09-14,128.5500030517578,306.1682434082031,13.113896369934082
2022-09-15,126.27999877929688,310.24725341796875,12.91511058807373
2022-09-16,123.52999877929688,305.1859436035156,13.183820724487305
2022-09-19,124.66000366210938,307.47796630859375,13.367623329162598
2022-09-20,122.19000244140625,302.426025390625,13.161844253540039
2022-09-21,118.54000091552734,300.0403137207031,13.246753692626953
2022-09-22,117.30999755859375,292.7524719238281,12.547504425048828
2022-09-23,113.77999877929688,282.5081787109375,12.502553939819336
2022-09-26,115.1500015258789,275.6318664550781,12.214863777160645
2022-09-27,114.41000366210938,272.6007385253906,12.399664878845215
2022-09-28,118.01000213623047,281.4042053222656,12.722317695617676
2022-09-29,114.80000305175781,277.02581787109375,12.206872940063477
2022-09-30,113.0,274.1630859375,12.125960350036621
2022-10-03,115.87999725341797,279.8699035644531,12.49855899810791
2022-10-04,121.08999633789062,294.5767822265625,13.152854919433594
2022-10-05,120.94999694824219,289.0851135253906,13.194808959960938
2022-10-06,120.30000305175781,285.0341491699219,13.115893363952637
2022-10-07,114.55999755859375,281.675537109375,12.063026428222656
2022-10-10,113.66999816894531,281.17034912109375,11.657464027404785
2022-10-11,112.20999908447266,275.2482604980469,11.573554039001465
2022-10-12,112.9000015258789,276.2774353027344,11.487645149230957
2022-10-13,112.52999877929688,287.27947998046875,11.947152137756348
2022-10-14,106.9000015258789,280.6557922363281,11.21493911743164
2022-10-17,113.79000091552734,286.9426574707031,11.875226974487305
2022-10-18,116.36000061035156,293.6225280761719,11.954143524169922
2022-10-19,115.06999969482422,291.6672058105469,12.03805160522461
2022-10-20,115.25,290.7784118652344,12.180900573730469
2022-10-21,119.31999969482422,304.1474304199219,12.452606201171875
2022-10-24,119.81999969482422,307.5154113769531,12.585465431213379
2022-10-25,120.5999984741211,310.97698974609375,13.246753692626953
2022-10-26,115.66000366210938,314.05499267578125,12.882144927978516
2022-10-27,110.95999908447266,315.4488220214844,13.161844253540039
2022-10-28,103.41000366210938,319.78985595703125,13.819138526916504
2022-10-31,102.44000244140625,322.3064880371094,13.482501029968262
2022-11-01,96.79000091552734,326.1141662597656,13.528453826904297
2022-11-02,92.12000274658203,327.24615478515625,13.20479965209961
2022-11-03,89.30000305175781,326.3854675292969,13.406580924987793
2022-11-04,90.9800033569336,334.8428955078125,14.140792846679688
2022-11-07,90.52999877929688,339.1931457519531,14.285636901855469
2022-11-08,89.9800033569336,340.55908203125,14.58631420135498
2022-11-09,86.13999938964844,338.6692810058594,13.761199951171875
2022-11-10,96.62999725341797,353.9281005859375,15.733078956604004
2022-11-11,100.79000091552734,360.345947265625,16.30946159362793
2022-11-14,98.48999786376953,357.7170104980469,16.277494430541992
2022-11-15,98.94000244140625,358.2035827636719,16.648094177246094
2022-11-16,97.12000274658203,357.6889953613281,15.892909049987793
2022-11-17,94.8499984741211,355.3033447265625,15.660158157348633
2022-11-18,94.13999938964844,354.7607421875,15.392447471618652
2022-11-21,92.45999908447266,355.70562744140625,15.300544738769531
2022-11-22,93.19999694824219,359.1297302246094,16.02077293395996
2022-11-23,94.12999725341797,361.3563537597656,16.50125503540039
2022-11-25,93.41000366210938,363.798095703125,16.252521514892578
2022-11-28,93.94999694824219,357.7170104980469,15.80999755859375
2022-11-29,92.41999816894531,358.9800720214844,15.622200012207031
2022-11-30,96.54000091552734,363.6319580078125,16.909143447875977
2022-12-01,95.5,361.42840576171875,17.120969772338867
2022-12-02,94.12999725341797,358.3867492675781,16.862180709838867
2022-12-05,91.01000213623047,349.8739318847656,16.59640121459961
2022-12-06,88.25,341.7471923828125,15.973912239074707
2022-12-07,88.45999908447266,338.9316101074219,16.10680389404297
2022-12-08,90.3499984741211,337.1988525390625,17.154943466186523
2022-12-09,89.08999633789062,338.1970520019531,16.987077713012695
2022-12-12,90.55000305175781,342.0014953613281,17.52064323425293
2022-12-13,92.48999786376953,347.190185546875,18.057207107543945
2022-12-14,91.58000183105469,339.36468505859375,17.659528732299805
2022-12-15,88.44999694824219,329.429931640625,16.938119888305664
2022-12-16,87.86000061035156,326.1529235839844,16.557432174682617
2022-12-19,84.91999816894531,324.51434326171875,16.240690231323242
2022-12-20,85.19000244140625,324.4013366699219,16.07183074951172
2022-12-21,86.7699966430664,329.74066162109375,16.48748779296875
2022-12-22,83.79000091552734,325.4277648925781,15.32644271850586
2022-12-23,85.25,325.3618469238281,15.193551063537598
2022-12-27,83.04000091552734,322.0282897949219,14.109439849853516
2022-12-28,81.81999969482422,320.99237060546875,14.024508476257324
2022-12-29,84.18000030517578,323.4031677246094,14.591044425964355
2022-12-30,84.0,323.3560485839844,14.602034568786621
2023-01-03,85.81999969482422,326.03045654296875,14.303279876708984
2023-01-04,85.13999938964844,327.4241638183594,14.73692512512207
2023-01-05,83.12000274658203,323.7138977050781,14.253320693969727
2023-01-06,86.08000183105469,327.7819519042969,14.846833229064941
2023-01-09,87.36000061035156,332.4150390625,15.615205764770508
2023-01-10,89.87000274658203,336.52081298828125,15.895976066589355
2023-01-11,95.08999633789062,343.22564697265625,15.987897872924805
2023-01-12,95.2699966430664,348.3672180175781,16.497482299804688
2023-01-13,98.12000274658203,352.1905212402344,16.885160446166992
2023-01-17,96.05000305175781,329.5146789550781,17.6875057220459
2023-01-18,95.45999908447266,328.73309326171875,17.362775802612305
2023-01-19,93.68000030517578,330.2962951660156,16.751272201538086
2023-01-20,97.25,321.9058532714844,17.82439613342285
2023-01-23,97.5199966430664,328.78021240234375,19.17728614807129
2023-01-24,96.31999969482422,328.01739501953125,19.249225616455078
2023-01-25,97.18000030517578,329.2415771484375,19.30717658996582
2023-01-26,99.22000122070312,334.27020263671875,19.785783767700195
2023-01-27,102.23999786376953,333.07427978515625,20.348325729370117
2023-01-30,100.55000305175781,336.6150207519531,19.146312713623047
2023-01-31,103.12999725341797,344.4780578613281,19.521007537841797
2023-02-01,105.1500015258789,344.3838806152344,20.925853729248047
2023-02-02,112.91000366210938,347.9246826171875,21.691225051879883
2023-02-03,103.38999938964844,348.3766784667969,21.08272361755371
2023-02-06,102.18000030517578,349.1770935058594,21.071735382080078
2023-02-07,102.11000061035156,352.5671691894531,22.154848098754883
2023-02-08,100.05000305175781,353.2263488769531,22.186819076538086
2023-02-09,98.23999786376953,346.531005859375,22.318714141845703
2023-02-10,97.61000061035156,349.6290588378906,21.247589111328125
2023-02-13,99.54000091552734,352.20928955078125,21.770158767700195
2023-02-14,99.69999694824219,350.0999450683594,22.952192306518555
2023-02-15,101.16000366210938,352.5106506347656,22.745361328125
2023-02-16,98.1500015258789,348.6120910644531,21.98398780822754
2023-02-17,97.19999694824219,347.0112609863281,21.3704891204834
2023-02-21,94.58000183105469,340.0615539550781,20.63808822631836
2023-02-22,95.79000091552734,339.8450012207031,20.737009048461914
2023-02-23,95.81999969482422,342.3404846191406,23.644622802734375
2023-02-24,93.5,342.63238525390625,23.26693344116211
2023-02-27,93.76000213623047,344.21435546875,23.481760025024414
2023-02-28,94.2300033569336,331.1438293457031,23.196990966796875
2023-03-01,92.16999816894531,328.3743896484375,22.679418563842773
2023-03-02,92.12999725341797,331.096435546875,23.294910430908203
2023-03-03,94.9000015258789,338.67431640625,23.870441436767578
2023-03-06,93.75,338.6363830566406,23.53471565246582
2023-03-07,93.55000305175781,328.23211669921875,23.272884368896484
2023-03-08,93.91999816894531,331.27655029296875,24.165306091308594
2023-03-09,92.25,324.4479064941406,23.42078971862793
2023-03-10,90.7300033569336,310.7716064453125,22.950098037719727
2023-03-13,92.43000030517578,299.2386779785156,22.951095581054688
2023-03-14,94.87999725341797,305.5362243652344,24.047380447387695
2023-03-15,96.19999694824219,296.08990478515625,24.2122745513916
2023-03-16,100.04000091552734,298.8403625488281,25.52442169189453
2023-03-17,98.94999694824219,287.8860168457031,25.708301544189453
2023-03-20,97.70999908447266,293.5670471191406,25.883190155029297
2023-03-21,100.61000061035156,300.9173583984375,26.181997299194336
2023-03-22,98.69999694824219,297.49359130859375,26.450820922851562
2023-03-23,98.70999908447266,298.61273193359375,27.173351287841797
2023-03-24,98.12999725341797,296.4503173828125,26.761621475219727
2023-03-27,98.04000091552734,302.1029052734375,26.513782501220703
2023-03-28,97.23999786376953,302.017578125,26.392860412597656
2023-03-29,100.25,304.1799621582031,26.96648597717285
2023-03-30,102.0,304.57830810546875,27.3652286529541
2023-03-31,103.29000091552734,310.24041748046875,27.758974075317383
2023-04-03,102.41000366210938,309.6808776855469,27.946849822998047
2023-04-04,103.94999694824219,306.0104675292969,27.4351806640625
2023-04-05,101.0999984741211,304.9482116699219,26.86355209350586
2023-04-06,102.05999755859375,305.7733459472656,27.019453048706055
2023-04-10,102.16999816894531,308.2012939453125,27.561100006103516
2023-04-11,99.91999816894531,310.48699951171875,27.1513671875
2023-04-12,97.83000183105469,313.208984375,26.477802276611328
2023-04-13,102.4000015258789,315.0015869140625,26.445823669433594
2023-04-14,102.51000213623047,319.5445251464844,26.74063491821289
2023-04-17,102.73999786376953,322.1622009277344,26.98447608947754
2023-04-18,102.30000305175781,316.6898193359375,27.649045944213867
2023-04-19,104.30000305175781,319.51611328125,27.912870407104492
2023-04-20,103.80999755859375,321.2422180175781,27.086408615112305
2023-04-21,106.95999908447266,324.0400695800781,27.101394653320312
2023-04-24,106.20999908447266,326.22149658203125,27.024450302124023
2023-04-25,102.56999969482422,321.9725036621094,26.223970413208008
2023-04-26,104.9800033569336,319.203125,26.93850326538086
2023-04-27,109.81999969482422,323.983154296875,27.208332061767578
2023-04-28,105.44999694824219,325.728271484375,27.730989456176758
2023-05-01,102.05000305175781,323.0063171386719,28.8912353515625
2023-05-02,103.62999725341797,316.1775817871094,28.191688537597656
2023-05-03,103.6500015258789,311.7010803222656,27.783954620361328
2023-05-04,104.0,304.6921691894531,27.544111251831055
2023-05-05,105.66000366210938,310.15509033203125,28.661386489868164
2023-05-08,105.83000183105469,309.67138671875,29.132078170776367
2023-05-09,106.62000274658203,308.0210876464844,28.552453994750977
2023-05-10,110.19000244140625,305.9156188964844,28.866252899169922
2023-05-11,112.18000030517578,304.1799621582031,28.5594482421875
2023-05-12,110.26000213623047,303.0229187011719,28.321605682373047
2023-05-15,111.19999694824219,305.4604187011719,28.934207916259766
2023-05-16,113.4000015258789,304.2653503417969,29.19403839111328
2023-05-17,115.5,313.1521301269531,30.15841293334961
2023-05-18,118.1500015258789,312.5830993652344,31.657438278198242
2023-05-19,116.25,309.3299560546875,31.24370765686035
2023-05-22,115.01000213623047,308.1634216308594,31.155765533447266
2023-05-23,114.98999786376953,306.8829650878906,30.668081283569336
2023-05-24,116.75,303.31689453125,30.518178939819336
2023-05-25,115.0,307.17706298828125,37.955345153808594
2023-05-26,120.11000061035156,314.88775634765625,38.92072296142578
2023-05-30,121.66000366210938,313.7685852050781,40.08496856689453
2023-05-31,120.58000183105469,309.5350646972656,37.80944061279297
2023-06-01,122.7699966430664,302.3677062988281,39.74419021606445
2023-06-02,124.25,309.296142578125,39.30147933959961
2023-06-05,125.30000305175781,307.53778076171875,39.14557647705078
2023-06-06,126.61000061035156,312.3064270019531,38.62891387939453
2023-06-07,121.2300033569336,320.8595275878906,37.45454788208008
2023-06-08,124.25,320.5919189453125,38.48899459838867
2023-06-09,123.43000030517578,321.1175537109375,38.748844146728516
2023-06-12,126.56999969482422,324.43365478515625,39.46045684814453
2023-06-13,126.66000366210938,327.3101501464844,40.99961853027344
2023-06-14,126.41999816894531,323.41107177734375,42.97353744506836
2023-06-15,127.11000061035156,324.67254638671875,42.629730224609375
2023-06-16,125.48999786376953,323.3059997558594,42.668704986572266
2023-06-20,125.77999877929688,316.0525817871094,43.784095764160156
2023-06-21,124.83000183105469,310.6531677246094,43.02151107788086
2023-06-22,130.14999389648438,305.4066162109375,43.001529693603516
2023-06-23,129.3300018310547,300.7526550292969,42.18596649169922
2023-06-26,127.33000183105469,298.5068664550781,40.609825134277344
2023-06-27,129.17999267578125,299.5485534667969,41.853145599365234
2023-06-28,129.0399932861328,299.74920654296875,41.09457015991211
2023-06-29,127.9000015258789,308.760986328125,40.79972457885742
2023-06-30,130.36000061035156,308.2353515625,42.27891540527344
2023-07-03,130.22000122070312,312.1248474121094,42.389854431152344
2023-07-05,130.3800048828125,305.8558044433594,42.293914794921875
2023-07-06,128.36000061035156,299.1184997558594,42.08002853393555
2023-07-07,129.77999877929688,301.1922607421875,42.47980499267578
2023-07-10,127.12999725341797,302.4345703125,42.156982421875
2023-07-11,128.77999877929688,306.64898681640625,42.381866455078125
2023-07-12,130.8000030517578,311.9241638183594,43.87804412841797
2023-07-13,134.3000030517578,314.1031188964844,45.95191955566406
2023-07-14,134.67999267578125,311.7235107421875,45.444190979003906
2023-07-17,133.55999755859375,312.6887512207031,46.43564987182617
2023-07-18,132.8300018310547,322.31207275390625,47.46809005737305
2023-07-19,135.36000061035156,325.4466552734375,47.05131149291992
2023-07-20,129.9600067138672,335.2993469238281,45.49516296386719
2023-07-21,130.0,336.3506164550781,44.284820556640625
2023-07-24,128.8000030517578,343.0115051269531,44.58766174316406
2023-07-25,129.1300048828125,338.96905517578125,45.654075622558594
2023-07-26,128.14999389648438,341.7022399902344,45.42719650268555
2023-07-27,128.25,338.78753662109375,45.87495422363281
2023-07-28,132.2100067138672,337.5643005371094,46.72449493408203
2023-07-31,133.67999267578125,340.0871887207031,46.7035026550293
2023-08-01,131.69000244140625,341.85516357421875,46.481624603271484
2023-08-02,128.2100067138672,335.52874755859375,44.244850158691406
2023-08-03,128.91000366210938,337.49737548828125,44.4907112121582
2023-08-04,139.57000732421875,337.55474853515625,44.65562057495117
2023-08-07,142.22000122070312,339.79095458984375,45.39221954345703
2023-08-08,139.94000244140625,332.8146667480469,44.63963317871094
2023-08-09,137.85000610351562,327.4917297363281,42.53078079223633
2023-08-10,138.55999755859375,325.3033142089844,42.364871978759766
2023-08-11,138.41000366210938,325.6186828613281,40.832706451416016
2023-08-14,140.57000732421875,322.7612609863281,43.7291259765625
2023-08-15,137.6699981689453,317.4765625,43.91602325439453
2023-08-16,135.07000732421875,314.5140075683594,43.46227264404297
2023-08-17,133.97999572753906,312.9945068359375,43.320350646972656
2023-08-18,133.22000122070312,310.51934814453125,43.27537536621094
2023-08-21,134.67999267578125,307.7766418457031,46.941375732421875
2023-08-22,134.25,304.6517333984375,45.64308547973633
2023-08-23,135.52000427246094,308.0346984863281,47.090293884277344
2023-08-24,131.83999633789062,305.7698059082031,47.13726806640625
2023-08-25,133.25999450683594,305.95135498046875,45.992897033691406
2023-08-28,133.13999938964844,311.5132751464844,46.809444427490234
2023-08-29,134.91000366210938,317.80145263671875,48.75738525390625
2023-08-30,135.07000732421875,316.62579345703125,49.23712158203125
2023-08-31,138.00999450683594,315.7874450683594,49.32807159423828
2023-09-01,138.1199951171875,315.48876953125,48.4825325012207
2023-09-05,137.27000427246094,311.9715270996094,48.521514892578125
2023-09-06,135.36000061035156,309.4468994140625,47.0391960144043
2023-09-07,137.85000610351562,310.24664306640625,46.21957778930664
2023-09-08,138.22999572753906,313.6771545410156,45.55088806152344
2023-09-11,143.10000610351562,312.8387756347656,45.15707015991211
2023-09-12,141.22999572753906,318.8614196777344,44.84920883178711
2023-09-13,144.85000610351562,322.7929992675781,45.46392822265625
2023-09-14,144.72000122070312,332.0340881347656,45.55988693237305
2023-09-15,140.38999938964844,330.07794189453125,43.879661560058594
2023-09-18,139.97999572753906,330.8295593261719,43.94562911987305
2023-09-19,137.6300048828125,329.45159912109375,43.499839782714844
2023-09-20,135.2899932861328,324.450439453125,42.21943283081055
2023-09-21,129.3300018310547,318.2254333496094,40.99799728393555
2023-09-22,129.1199951171875,315.9609680175781,41.590721130371094
2023-09-25,131.27000427246094,316.8763427734375,42.20244216918945
2023-09-26,125.9800033569336,312.03900146484375,41.89158630371094
2023-09-27,125.9800033569336,310.237060546875,42.44832229614258
2023-09-28,125.9800033569336,313.3688049316406,43.069034576416016
2023-09-29,127.12000274658203,311.7980651855469,43.47884750366211
2023-10-02,129.4600067138672,306.91253662109375,44.76124954223633
2023-10-03,124.72000122070312,294.9829406738281,43.4968376159668
2023-10-04,127.0,297.37274169921875,44.020599365234375
2023-10-05,125.95999908447266,299.2035827636719,44.66729736328125
2023-10-06,127.95999908447266,301.111572265625,45.74080276489258
2023-10-09,128.25999450683594,301.2367858886719,45.25202178955078
2023-10-10,129.47999572753906,303.3182373046875,45.77678298950195
2023-10-11,131.8300018310547,301.63189697265625,46.78431701660156
2023-10-12,132.3300018310547,298.5772399902344,46.923248291015625
2023-10-13,129.7899932861328,298.0472717285156,45.43993377685547
2023-10-16,132.5500030517578,302.95208740234375,46.07365036010742
2023-10-17,131.47000122070312,298.10504150390625,43.91764831542969
2023-10-18,128.1300048828125,290.97430419921875,42.17645263671875
2023-10-19,128.39999389648438,288.3050842285156,42.08149719238281
2023-10-20,125.16999816894531,289.1337890625,41.36782455444336
2023-10-23,126.55999755859375,288.333984375,42.95509338378906
2023-10-24,128.55999755859375,288.29541015625,43.64276885986328
2023-10-25,121.38999938964844,285.9634704589844,41.759647369384766
2023-10-26,119.56999969482422,286.18511962890625,40.30731964111328
2023-10-27,127.73999786376953,279.36273193359375,40.481239318847656
2023-10-30,132.7100067138672,289.8854064941406,41.14193344116211
2023-10-31,133.08999633789062,292.56427001953125,40.7611083984375
2023-11-01,137.0,295.985107421875,42.305397033691406
2023-11-02,138.07000732421875,302.344970703125,43.48583984375
2023-11-03,138.60000610351562,315.7007141113281,44.98414993286133
2023-11-06,139.74000549316406,312.125732421875,45.72980499267578
2023-11-07,142.7100067138672,312.164306640625,45.933712005615234
2023-11-08,142.0800018310547,312.7520751953125,46.55242156982422
2023-11-09,140.60000610351562,309.1095886230469,46.92824935913086
2023-11-10,143.55999755859375,313.66754150390625,48.31260681152344
2023-11-13,142.58999633789062,315.0166015625,48.59747314453125
2023-11-14,145.8000030517578,326.3969421386719,49.63299560546875
2023-11-15,143.1999969482422,325.31768798828125,48.8653450012207
2023-11-16,142.8300018310547,324.4215087890625,49.45708084106445
2023-11-17,145.17999267578125,326.8498229980469,49.27516174316406
2023-11-20,146.1300048828125,327.10040283203125,50.38564682006836
2023-11-21,143.89999389648438,322.7833557128906,49.92086410522461
2023-11-22,146.7100067138672,326.3198547363281,48.693424224853516
2023-11-24,146.74000549316406,326.811279296875,47.75386428833008
2023-11-27,147.72999572753906,325.4236755371094,48.21965026855469
2023-11-28,147.02999877929688,325.3658142089844,47.79884338378906
2023-11-29,146.32000732421875,330.5732421875,48.117698669433594
2023-11-30,146.08999633789062,331.81683349609375,46.74833297729492
2023-12-01,147.02999877929688,338.51068115234375,46.74333572387695
2023-12-04,144.83999633789062,339.4433288574219,45.488914489746094
2023-12-05,146.8800048828125,332.02081298828125,46.54851531982422
2023-12-06,144.52000427246094,332.23455810546875,45.48591613769531
2023-12-07,146.8800048828125,334.8091125488281,46.57851028442383
2023-12-08,147.4199981689453,340.8423156738281,47.48816680908203
2023-12-11,145.88999938964844,341.7458801269531,46.6094970703125
2023-12-12,147.47999572753906,342.5716552734375,47.63911056518555
2023-12-13,148.83999633789062,352.403564453125,48.06995391845703
2023-12-14,147.4199981689453,372.55316162109375,48.33184814453125
2023-12-15,149.97000122070312,369.6774597167969,48.87164306640625
2023-12-18,154.07000732421875,365.6844177246094,50.05820083618164
2023-12-19,153.7899932861328,371.56219482421875,49.58537673950195
2023-12-20,152.1199951171875,366.77252197265625,48.092933654785156
2023-12-21,153.83999633789062,369.7356872558594,48.97161102294922
2023-12-22,153.4199981689453,369.8133850097656,48.81167221069336
2023-12-26,153.41000366210938,370.7460632324219,49.260498046875
2023-12-27,153.33999633789062,373.53436279296875,49.3984489440918
2023-12-28,153.3800048828125,375.4093933105469,49.50341033935547
2023-12-29,151.94000244140625,374.78765869140625,49.50341033935547
